trial,rate,achieved_rps,rate_fidelity,client_limited,server_saturated,completed,errors,arrival_span_s,realized_rate_rps,keepup,inflight_mean,latency_mean,lat_p50,lat_p95,lat_p99,ttft_p50,ttft_p95,tpot_mean,tok_s,power_w,energy_j,window_s,running_end,waiting_end,idle_power_w
1,1.0,0.9161059644690313,0.9161059644690313,False,True,100,0,108.05910084436181,0.9254195085708756,0.9899358679868039,1.0120388905400242,1.0936001253128051,1.1117215156555176,1.1745586395263672,1.2419509887695312,0.029729127883911133,0.14566946029663086,0.008331750492287841,115.86570502430915,143.56775721347827,15815.714,110.16201901435852,0.0,0.0,56.79
1,3.0,2.6545856448794622,0.8848618816264874,False,True,180,0,66.66962507765322,2.6998801896717675,0.9832234982257446,3.158290866947027,1.1697892665863037,1.1858158111572266,1.2288939952850342,1.2778215408325195,0.0292816162109375,0.040024518966674805,0.00899931564645056,332.83604978967855,189.57686274458524,13045.098,68.81165671348572,0.0,0.0,56.79
1,7.0,6.607815875543771,0.9439736965062531,False,True,420,0,62.350125504014535,6.736153241150372,0.9809479741608901,8.45532493813141,1.255215645404089,1.2661168575286865,1.30094575881958,1.3192567825317383,0.03109121322631836,0.041994333267211914,0.009667417685154892,829.0124186848614,203.72395515959877,13153.637,64.56598091125488,0.0,0.0,56.79
1,13.0,12.710059919728058,0.9776969169021583,False,False,780,0,59.961626985075874,13.008319473955199,0.9770716305957656,18.23076618113469,1.4014697453914544,1.410869836807251,1.5115208625793457,1.5571117401123047,0.03451395034790039,0.04404711723327637,0.01078168884641005,1596.6795019551262,210.7413173237146,13144.873,62.374446392059326,0.0,0.0,56.79
1,20.0,19.17777119979368,0.9588885599896839,False,False,1200,0,61.104540602131074,19.63847511453427,0.9765407491134773,30.5757375368341,1.5569303297996522,1.5512726306915283,1.6637554168701172,1.7137601375579834,0.037938833236694336,0.047026872634887695,0.011980170505079013,2410.911482074607,211.8923261262371,13472.048,63.57968807220459,0.0,0.0,56.79
1,27.0,25.558644366088643,0.9466164580032831,False,True,1620,0,61.79691434609091,26.214901134501005,0.974966269563814,45.29318508255191,1.7277648635852485,1.7364802360534668,1.8173127174377441,1.8423380851745605,0.04199719429016113,0.04988431930541992,0.013301715904144328,3212.583408314458,212.7215846600884,13697.259,64.39054608345032,0.0,0.0,56.79
1,34.0,32.29247354006764,0.9497786335314011,False,True,2040,0,61.47291815174915,33.185345048435025,0.9730944033559328,62.26360480771851,1.8762379814596737,1.8820931911468506,1.9811718463897705,1.99749755859375,0.04590106010437012,0.054186344146728516,0.014456876063003906,4054.892845740234,217.10553933874226,13934.1,64.18122744560242,0.0,0.0,56.79
1,40.0,38.307878075702035,0.9576969518925509,False,False,2400,0,60.767781367962584,39.4946128684123,0.9699519831561785,78.15469624706226,1.9788697893420855,1.9793729782104492,2.1085994243621826,2.1358768939971924,0.0488734245300293,0.05766892433166504,0.015275478529047584,4801.5161592608965,223.85617035386488,14250.613,63.65968370437622,0.0,0.0,56.79
1,47.0,44.50346126677637,0.9468821546122632,False,True,2820,0,61.454678752841176,45.887474432036235,0.9698389771415787,95.79742381841979,2.0876595411740295,2.084907054901123,2.244006395339966,2.310582399368286,0.052664756774902344,0.062418460845947266,0.01612451977578095,5573.887850676966,227.85460472583588,14668.793,64.37786507606506,0.0,0.0,56.79
1,54.0,50.93074236111382,0.9431618955761819,False,True,3240,0,61.358129671922924,52.80473862753028,0.9645108315063332,123.32603579308402,2.335510770406252,2.3296525478363037,2.5721561908721924,2.612982988357544,0.05842137336730957,0.07101011276245117,0.018035172311978022,6376.693633547344,235.03955317884737,15190.101,64.62785005569458,0.0,0.0,56.79
1,57.0,53.83253186725209,0.9444303836360015,False,True,3420,0,61.17509837590282,55.90510012726281,0.9629270271354006,140.15591591032657,2.5070327320991206,2.538706064224243,2.7498836517333984,2.952483654022217,0.06341981887817383,0.07831597328186035,0.01934897127061851,6740.948660452735,239.56829845458074,15462.064,64.54136085510254,0.0,0.0,56.79
1,61.0,57.61462100196703,0.9445019836388038,False,True,3660,0,60.997355567554926,60.00260119385879,0.9602020555046176,163.49383770700857,2.724779167136208,2.719877243041992,3.134702205657959,3.283763885498047,0.06879711151123047,0.08522272109985352,0.021023221832970722,7217.029602972274,241.10411507460194,15560.155,64.53707766532898,0.0,0.0,56.79
1,64.0,60.1551019024261,0.9399234672254078,False,True,3840,0,61.14632061489513,62.80018096566522,0.9578810280071443,217.86190243898594,3.469128577162822,3.5223348140716553,3.909202814102173,3.9356822967529297,0.08971500396728516,0.1177680492401123,0.026740002726028576,7536.828945467075,240.21280942299637,15577.12,64.84716629981995,0.0,0.0,56.79
1,67.0,62.47545221656531,0.9324694360681389,False,True,4020,0,61.210436101564206,65.67507529810379,0.9512810138851738,254.45136627866134,3.8743977852128633,3.921595335006714,4.376492977142334,4.590722322463989,0.1157829761505127,0.5161781311035156,0.028919158399047074,7830.894969020977,240.53500259644642,15721.543,65.36072850227356,0.0,0.0,56.79
1,74.0,63.44070570710861,0.8573068338798461,False,True,4440,0,61.07441108074968,72.69820406666949,0.8726584999118949,477.71666074732315,6.571230567253388,6.7140398025512695,9.50692367553711,9.638656854629517,2.954857587814331,5.815533876419067,0.029635179666718033,7957.880837071621,241.18198327004518,17124.056,71.00056052207947,0.0,0.0,56.79
2,1.0,1.0593041638291694,1.0593041638291694,False,False,100,0,93.38818908393876,1.0707992196970266,0.989264975490821,1.18510816941411,1.106751058101654,1.1240832805633545,1.2437653541564941,1.302586317062378,0.030369281768798828,0.14634466171264648,0.008443548423230742,133.7966478019082,172.4440584556731,16452.194,95.40597772598267,0.0,0.0,56.79
2,3.0,3.0525124110011217,1.017504137000374,False,False,180,0,57.75740990281032,3.1164832409017302,0.9794733919755978,3.691018919519405,1.1843538482983906,1.1862456798553467,1.236377239227295,1.3241636753082275,0.02930593490600586,0.038494110107421875,0.009077710047798566,383.46010318609365,207.5688864121817,12448.392,59.97234082221985,0.0,0.0,56.79
2,7.0,7.141951840467006,1.0202788343524294,False,False,420,0,57.60509952133187,7.291021168090663,0.9795543965396696,9.267455922713319,1.2710779065177553,1.2628395557403564,1.4363601207733154,1.4717211723327637,0.03133893013000488,0.04093575477600098,0.00978362460386823,895.0951592302467,209.52847189463756,12532.45,59.81263494491577,0.0,0.0,56.79
2,13.0,12.976008499071728,0.9981544999285945,False,False,780,0,58.776022707982825,13.270717616863555,0.9777925258979718,18.664979446583637,1.4064785330723493,1.4117951393127441,1.561187505722046,1.6434144973754883,0.034566402435302734,0.04355621337890625,0.010818148760255832,1629.391978133513,212.54704392338755,12990.166,61.1166627407074,0.0,0.0,56.79
2,20.0,19.31554964045011,0.9657774820225056,False,False,1200,0,60.57561723697111,19.809950847147192,0.9750427847846842,30.913853087445194,1.5605214432875316,1.55513596534729,1.719698429107666,1.7935991287231445,0.03814101219177246,0.047516584396362305,0.01200769641122176,2427.367900411166,212.82317052245966,13436.076,63.13258075714111,0.0,0.0,56.79
2,27.0,26.089920279665666,0.9662933436913209,False,False,1620,0,60.431838163612035,26.807061463429957,0.9732480494088243,46.52385118926391,1.7355073122330653,1.7354004383087158,1.8797764778137207,1.9648616313934326,0.041826486587524414,0.050058603286743164,0.01336996172220222,3275.8953020474946,214.08494813786,13508.826,63.10030722618103,0.0,0.0,56.79
2,34.0,33.07109688155152,0.972679320045633,False,False,2040,0,59.97208329006127,34.015826832850315,0.9722267532716142,64.28715199520184,1.8899188401652318,1.8920915126800537,2.033442735671997,2.0472936630249023,0.04538679122924805,0.05440950393676758,0.014571655401092306,4152.4473738567785,218.47511036513015,13697.103,62.694111824035645,0.0,0.0,56.79
2,40.0,38.902135745821596,0.9725533936455399,False,False,2400,0,59.81942038544017,40.12074982565614,0.9696263383628171,79.78134944349027,1.988530867199103,1.985177993774414,2.1137425899505615,2.1351091861724854,0.04828214645385742,0.05736660957336426,0.015361955609518346,4871.27444242403,224.65092932659402,14086.586,62.70432996749878,0.0,0.0,56.79
2,47.0,45.81853586533865,0.9748624652199713,False,False,2820,0,59.469364255993575,47.41937357629964,0.9662408507277057,100.97086731150797,2.1293167685786036,2.1129603385925293,2.391117811203003,2.4931106567382812,0.0518946647644043,0.0639798641204834,0.01645165460249547,5734.456274821016,228.77143377520923,14311.758,62.55920052528381,0.0,0.0,56.79
2,54.0,51.87480925873817,0.9606446159025587,False,False,3240,0,60.48306438817012,53.56871436285413,0.9683788359630568,129.2081372288883,2.412007433176041,2.4541358947753906,2.7068397998809814,2.7770767211914062,0.059699058532714844,0.0732271671295166,0.01863749839817615,6493.6678243846645,236.93341642197979,15037.905,63.46890711784363,0.0,0.0,56.79
2,57.0,54.65703923744761,0.9588954252183792,False,False,3420,0,60.29258326082424,56.72339473671519,0.9635713710567098,143.81310223520643,2.5353401872846817,2.5850915908813477,2.7507636547088623,2.7828621864318848,0.0635075569152832,0.07642722129821777,0.01957329516539981,6842.672654019245,240.27311415458635,15277.754,63.58495020866394,0.0,0.0,56.79
2,61.0,58.42030752964592,0.9577099595023921,False,False,3660,0,60.13047507104652,60.86763817640832,0.959792580752526,166.92096993367468,2.742359896566047,2.7727649211883545,3.0076420307159424,3.1961872577667236,0.0689699649810791,0.08401107788085938,0.02115986759929971,7317.134100396239,241.36540382580768,15366.847,63.666319847106934,0.0,0.0,56.79
2,64.0,61.122565288239116,0.9550400826287362,False,False,3840,0,59.76735833954983,64.24911702110411,0.9513370474517493,230.30933225510748,3.5846303098524612,3.6099963188171387,4.029499769210815,4.186103582382202,0.09229731559753418,0.19502043724060059,0.027559384536099667,7657.945721603159,240.34823369841632,15343.478,63.83853030204773,0.0,0.0,56.79
2,67.0,62.778924026393526,0.936998866065575,False,True,4020,0,59.95675872403408,67.0483209157962,0.9363235822897866,283.3777440205461,4.226470404477855,4.298807859420776,5.0684545040130615,5.1776978969573975,0.46802234649658203,1.2681875228881836,0.029330801930088232,7868.745915913818,240.95218698376237,15673.146,65.04670572280884,0.0,0.0,56.79
2,74.0,63.70986705890726,0.8609441494446927,False,True,4440,0,60.17035695247954,73.79048795583111,0.8633886131372674,510.4585065989887,6.9176735476330595,6.908452033996582,10.220703125,10.422851324081421,3.0605552196502686,6.572176218032837,0.029775150047829664,7990.960102466696,241.4291695438684,17070.617,70.7065224647522,0.0,0.0,56.79
3,1.0,0.9137857307597738,0.9137857307597738,False,True,100,0,108.42296653463589,0.9223138159391243,0.9907535970599475,1.0182876642918197,1.1040576934814452,1.128408432006836,1.2069354057312012,1.2742626667022705,0.030500411987304688,0.14730310440063477,0.008411311353918293,115.6291869972482,160.02582374517337,17673.131,110.43924403190613,0.0,0.0,56.79
3,3.0,3.05961538009517,1.0198717933650567,False,False,180,0,57.64862810124451,3.1223639820860574,0.9799034954441906,3.6995061564712852,1.1848414142926533,1.1980528831481934,1.2303965091705322,1.3109307289123535,0.02930450439453125,0.04032444953918457,0.009110346947622174,383.1165802897193,200.18427927709294,11978.141,59.835572719573975,0.0,0.0,56.79
3,7.0,6.500676392503594,0.928668056071942,False,True,420,0,63.38032815799502,6.626661808266761,0.9809881023947834,8.297165378436755,1.2520882487297058,1.259990930557251,1.30100679397583,1.3259685039520264,0.03077554702758789,0.038065433502197266,0.009643774014808386,815.6907952592094,208.72300912153173,13695.475,65.61554980278015,0.0,0.0,56.79
3,13.0,12.302261085649738,0.9463277758192106,False,True,780,0,62.07343287206502,12.56576225786643,0.9790302277880727,17.390217445341168,1.3839365323384603,1.389115571975708,1.4905166625976562,1.5064551830291748,0.03357529640197754,0.04201030731201172,0.010652453181971977,1545.8990766334343,212.06878593135127,13659.164,64.40912055969238,0.0,0.0,56.79
3,20.0,19.287149081420107,0.9643574540710054,False,False,1200,0,60.84693378380257,19.721618253826286,0.9779699025295815,30.899311064123303,1.5667736119031905,1.5685310363769531,1.6987180709838867,1.7122492790222168,0.03769207000732422,0.045749664306640625,0.012061219849084552,2423.4094479836644,212.33079787905558,13424.434,63.224148988723755,0.0,0.0,56.79
3,27.0,26.07339153761527,0.9656811680598247,False,False,1620,0,60.504351658665016,26.774933630215916,0.9737985497073671,46.44187348577013,1.7345280525125104,1.7415807247161865,1.8696520328521729,1.8833389282226562,0.04182314872741699,0.049803733825683594,0.013364809285741226,3273.944551352597,213.5302224295349,13482.177,63.139432191848755,0.0,0.0,56.79
3,34.0,32.65813324709567,0.9605333307969315,False,False,2040,0,60.70696950175907,33.604049366043355,0.9718511269685395,63.28498984853547,1.8832548767912622,1.9069609642028809,1.987077236175537,2.0041615962982178,0.044862985610961914,0.05303835868835449,0.014516816305736927,4099.763008777677,218.4724028999265,13867.618,63.47537636756897,0.0,0.0,56.79
3,40.0,38.42352851893786,0.9605882129734464,False,False,2400,0,60.47842852669715,39.68357079484236,0.968247759698372,78.3716532766268,1.9749143463373184,1.9900119304656982,2.0921528339385986,2.1666488647460938,0.047725677490234375,0.05650830268859863,0.015274457129514004,4809.6075111726595,224.08448832100018,14223.258,63.47274684906006,0.0,0.0,56.79
3,47.0,44.734639334796775,0.9518008369105697,False,False,2820,0,61.24023582028549,46.04815710173818,0.9714751284391396,96.7191033661741,2.1003903186067623,2.1010937690734863,2.307453155517578,2.38649320602417,0.051093101501464844,0.06170368194580078,0.01624764005547194,5595.340145320355,228.4780233960088,14634.118,64.05044031143188,0.0,0.0,56.79
3,54.0,50.68256336911549,0.9385659883169536,False,True,3240,0,61.83933552016744,52.393835941903845,0.9673382843224941,122.1741765164868,2.3318425597232064,2.3455700874328613,2.5930986404418945,2.624042272567749,0.0577847957611084,0.07175827026367188,0.018025073745341774,6342.4821055420425,235.38709777700967,15286.046,64.94003343582153,0.0,0.0,56.79
3,57.0,53.38560725333167,0.9365896009356434,False,True,3420,0,61.84758546784181,55.29722743627977,0.9654300898693176,136.03184433967735,2.4600120231422067,2.5278470516204834,2.7075626850128174,2.7318146228790283,0.06110262870788574,0.07518124580383301,0.019008801040941905,6680.348017447126,238.10449698838022,15494.734,65.07535219192505,0.0,0.0,56.79
3,61.0,57.05537071106701,0.9353339460830657,False,True,3660,0,61.69500900843706,59.32408567278885,0.9617572704915288,158.35754717214195,2.6693634697648347,2.7134640216827393,2.918640613555908,3.036644697189331,0.06720805168151855,0.08185195922851562,0.020610331036929556,7143.914829871094,241.23204453211392,15718.731,65.16021132469177,0.0,0.0,56.79
3,64.0,59.66577222061408,0.932277690947095,False,True,3840,0,61.73955200442702,62.19675840415321,0.9593067830465885,209.55850776686884,3.3692834344382088,3.4669291973114014,3.748277187347412,3.796767473220825,0.08535265922546387,0.10654640197753906,0.026009751159309185,7472.786791995556,240.0327525524315,15691.549,65.37253284454346,0.0,0.0,56.79
3,67.0,62.349775723730595,0.9305936675183671,False,True,4020,0,61.56799135174498,65.29366821524646,0.9549130478959912,247.97658158329278,3.797865679192899,3.8960959911346436,4.36538028717041,4.4759557247161865,0.10833859443664551,0.48737359046936035,0.028599721017494233,7807.732469231518,240.26005244770278,15734.557,65.48969268798828,0.0,0.0,56.79
3,74.0,63.50969129409648,0.8582390715418443,False,True,4440,0,61.60566603445606,72.07129288264991,0.8812064936521415,462.01563154614195,6.410536193632865,6.656226634979248,8.925853490829468,9.147151231765747,2.817399740219116,5.286226034164429,0.02959578696823013,7963.093702962686,240.9888688857183,17092.607,70.92695641517639,0.0,0.0,56.79
4,1.0,0.912366229402359,0.912366229402359,False,True,100,0,108.41918097062592,0.922346019447362,0.9891799933706197,1.0177083858352445,1.1033910965919496,1.11763334274292,1.2265830039978027,1.2944276332855225,0.030118465423583984,0.15287566184997559,0.008390563854122582,115.69537162132444,159.3987038173746,17631.001,110.6094377040863,0.0,0.0,56.79
4,3.0,2.9079404284104338,0.9693134761368113,False,False,180,0,60.85825057338651,2.9576926432176234,0.9831787069149062,3.5136208448029587,1.1879600988494026,1.1924703121185303,1.2489855289459229,1.310744285583496,0.029367685317993164,0.036858558654785156,0.009092754403068589,366.2251742539728,200.7563675920225,12628.363,62.90392255783081,0.0,0.0,56.79
4,7.0,6.607066704108548,0.9438666720155069,False,True,420,0,62.32295528862794,6.739089923687193,0.9804093399741414,8.454596946830485,1.2545606369063969,1.25929856300354,1.3271727561950684,1.339017391204834,0.03061199188232422,0.03780674934387207,0.009662438440138804,829.0434169584444,208.16736011354317,13442.036,64.57321643829346,0.0,0.0,56.79
4,13.0,12.202420534536433,0.9386477334258795,False,True,780,0,62.612483089755855,12.457579727062722,0.9795177556060922,17.181993484353047,1.3792400980607058,1.3875741958618164,1.4504108428955078,1.4624347686767578,0.03302574157714844,0.041112661361694336,0.010616339510688537,1534.0870692065148,211.2314141578119,13714.805,64.92786622047424,0.0,0.0,56.79
4,20.0,19.750511994558597,0.9875255997279299,False,False,1200,0,59.209025556436984,20.26718036182138,0.9745071411987793,31.81589027903102,1.5698232171932855,1.5423996448516846,1.7929844856262207,1.8297810554504395,0.03757524490356445,0.045903921127319336,0.012079985857991292,2481.8636450720783,212.8897142571273,13149.021,61.76447296142578,0.0,0.0,56.79
4,27.0,26.94413971608967,0.9979311005959137,False,False,1620,0,58.58910803127345,27.65019052918988,0.9744648843430267,48.60356582058349,1.757802202819306,1.7395646572113037,1.9436674118041992,1.9702746868133545,0.04200172424316406,0.0502469539642334,0.013542183767733567,3383.615914535941,213.34502756593508,13042.069,61.13134741783142,0.0,0.0,56.79
4,34.0,34.02702940827155,1.0007949825962221,False,False,2040,0,58.08140903136665,35.123114848992486,0.9687930456785107,66.9099609772489,1.9050121626433205,1.9036345481872559,2.0373477935791016,2.0866994857788086,0.04533076286315918,0.05422019958496094,0.014682398572795038,4269.1798496982965,218.39498512925994,13314.371,60.96463704109192,0.0,0.0,56.79
4,40.0,39.71564497721093,0.9928911244302732,False,False,2400,0,58.599290898215045,40.956126997658004,0.9697119305124234,82.1351254936039,2.0054417132337887,1.996046781539917,2.171316623687744,2.2307233810424805,0.04839324951171875,0.058164358139038086,0.01550175946388785,4968.037648002114,224.65889741643363,13803.213,61.440758228302,0.0,0.0,56.79
4,47.0,46.51088580510713,0.9895933150022793,False,False,2820,0,58.49540839218155,48.20891207551461,0.9647777517205183,104.35165134907757,2.164571795057743,2.13816237449646,2.493852376937866,2.529184579849243,0.052819013595581055,0.06597590446472168,0.01673606146210953,5814.655003501852,228.59511381610875,14091.258,61.642866134643555,0.0,0.0,56.79
4,54.0,53.68465092111211,0.9941602022428169,False,False,3240,0,57.896933694080516,55.96151286905309,0.9593137885091007,141.1791693073264,2.522790433448038,2.5412774085998535,3.082933187484741,3.116387367248535,0.061986684799194336,0.08170866966247559,0.01949014542870189,6713.622620469912,236.680199314619,14523.935,61.365230560302734,0.0,0.0,56.79
4,57.0,56.7219830295984,0.9951225092911999,False,False,3420,0,57.796376812610006,59.17325944303527,0.9585745920284033,157.0623311529557,2.6542788521588196,2.694688558578491,3.039344549179077,3.1629512310028076,0.06678223609924316,0.08400249481201172,0.020497626890507305,7094.435012414548,238.78215265066996,14639.067,61.3072075843811,0.0,0.0,56.79
4,61.0,60.5246785730338,0.9922078454595705,False,False,3660,0,57.80699700685736,63.31413478485714,0.9559425992110298,182.28048285014145,2.8789856083406127,2.9477343559265137,3.269463062286377,3.29586124420166,0.0727548599243164,0.09056901931762695,0.022226096283237722,7572.605000851442,240.4557272848648,14784.369,61.48478627204895,0.0,0.0,56.79
4,64.0,61.92586803993313,0.9675916881239551,False,False,3840,0,57.8547616518935,66.37310206383545,0.9329964415460782,280.0250932256594,4.218954433624943,4.460295915603638,5.131101846694946,5.304949998855591,0.6377387046813965,1.3543097972869873,0.028470466773303726,7751.328754306714,240.46580445162527,15155.373,63.025065183639526,0.0,0.0,56.79
4,67.0,62.514791901637956,0.9330565955468352,False,True,4020,0,57.64394352859099,69.73846260199232,0.8964176950446855,363.43167605813204,5.21135199283486,5.421502351760864,7.090367794036865,7.280601978302002,1.583087682723999,3.4840404987335205,0.02896375946044095,7832.97407262395,240.3980870120406,15702.623,65.31925106048584,0.0,0.0,56.79
4,74.0,63.58269946474776,0.8592256684425373,False,True,4440,0,57.76131915333818,76.86805054111028,0.8271668009941622,600.5602412943296,7.812872019866566,7.9609010219573975,12.329899311065674,12.52696180343628,4.088520050048828,8.68876051902771,0.029560912535797425,7971.409700016591,240.8922427787001,17065.965,70.84480929374695,0.0,0.0,56.79
5,1.0,1.2760138430348524,1.2760138430348524,False,False,100,0,77.32575443497035,1.2932301887089677,0.9866873308213581,1.4531340039590808,1.1236468315124513,1.1474156379699707,1.192990779876709,1.2819433212280273,0.028693437576293945,0.14592981338500977,0.008562444795640665,161.2630360736902,177.66362542780612,14101.771,79.37342810630798,0.0,0.0,56.79
5,3.0,3.642897788204481,1.214299262734827,False,False,180,0,48.25876932816779,3.7298920487584253,0.9766764669280704,4.464841307274167,1.1970430374145509,1.207136869430542,1.2421531677246094,1.3324167728424072,0.029413461685180664,0.037548065185546875,0.00921023102793287,454.5811653072361,203.32220656865763,10250.619,50.4156391620636,0.0,0.0,56.79
5,7.0,7.29833596801036,1.0426194240014799,False,False,420,0,56.33261321931281,7.455716608865025,0.9788912791203014,9.453526789828821,1.267956829071045,1.272308111190796,1.3436298370361328,1.384995460510254,0.031191110610961914,0.03834199905395508,0.009769692875197074,913.8326394348984,208.78101546894752,12224.608,58.55229687690735,0.0,0.0,56.79
5,13.0,13.161683410705637,1.0124371854388952,False,False,780,0,57.98587149641131,13.451552591535567,0.9784508755508021,18.900595635858984,1.4050865509571173,1.4222040176391602,1.4935345649719238,1.530519723892212,0.03399205207824707,0.04155302047729492,0.010823722769786522,1651.1944924743573,211.7873963246958,12764.235,60.26909637451172,0.0,0.0,56.79
5,20.0,20.157052458603303,1.0078526229301652,False,False,1200,0,58.03635497148778,20.676694816370503,0.9748682097220016,32.775837785744834,1.5851584635178249,1.594834804534912,1.6932575702667236,1.7104613780975342,0.03773856163024902,0.045081138610839844,0.012207475123721976,2530.3714037107275,211.04986920870894,12777.319,60.54170536994934,0.0,0.0,56.79
5,27.0,27.271298653239583,1.0100480982681328,False,False,1620,0,57.84518488621458,28.005788263736218,0.9737736498048262,49.34410732828417,1.7619253157097616,1.7608025074005127,1.8713829517364502,1.9652962684631348,0.04192066192626953,0.05009961128234863,0.0135722046601922,3422.986095385784,213.26627142329457,12883.441,60.4101197719574,0.0,0.0,56.79
5,34.0,33.88203419978034,0.9965304176405984,False,False,2040,0,58.518026570711015,34.86105256018741,0.9719165576335712,66.53284383712669,1.908515060532327,1.9188263416290283,2.0225722789764404,2.0778462886810303,0.045357465744018555,0.053693532943725586,0.014707398545611544,4252.5097887281045,219.06348509746354,13410.621,61.217966079711914,0.0,0.0,56.79
5,40.0,39.59070918521889,0.9897677296304723,False,False,2400,0,58.73044767385457,40.86466381676202,0.9688250309055382,81.53439172781718,1.99522971957922,1.9980711936950684,2.08735990524292,2.109619140625,0.04784369468688965,0.056359052658081055,0.015404976999019488,4958.752220058087,223.1054268178018,13749.902,61.6296169757843,0.0,0.0,56.79
5,47.0,45.76140772307705,0.9736469728314265,False,False,2820,0,59.67945853428863,47.25243943659071,0.9684454023688127,99.91445739094479,2.114482523701715,2.1165926456451416,2.2658257484436035,2.295609951019287,0.05144333839416504,0.061241865158081055,0.016326313870490345,5730.418531172982,228.44604948469282,14309.525,62.63853120803833,0.0,0.0,56.79
5,54.0,52.56513453096449,0.9734284172400832,False,False,3240,0,59.31652457971331,54.62221569717697,0.962339843963547,132.40787776578128,2.4240664000128525,2.4231128692626953,2.720414876937866,2.7744879722595215,0.05990338325500488,0.07427477836608887,0.018717074300932102,6580.165433117323,238.25082783312993,14926.546,62.65055251121521,0.0,0.0,56.79
5,57.0,55.47031609556456,0.9731634402730625,False,False,3420,0,59.22400402584537,57.746855455897766,0.9605772584089565,148.9443212412751,2.5792628891286795,2.598294258117676,2.8097691535949707,2.9372518062591553,0.06477737426757812,0.07675909996032715,0.01990929706544385,6944.775165339793,241.6670277813189,15144.331,62.66610360145569,0.0,0.0,56.79
5,61.0,59.183912048839105,0.9702280663744115,False,False,3660,0,59.30588884429183,61.71393889077971,0.9590039643002174,170.64526150141484,2.7651007951934483,2.768751859664917,3.0503485202789307,3.1694459915161133,0.06933379173278809,0.08330297470092773,0.021331641731991317,7412.508676626678,241.5944896985638,15187.5,62.86360263824463,0.0,0.0,56.79
5,64.0,61.795063728408415,0.9655478707563815,False,False,3840,0,59.31256271790164,64.7417650500712,0.954485310689571,235.44584216448655,3.6366917395964267,3.7334182262420654,4.036988019943237,4.203537464141846,0.09372520446777344,0.18697071075439453,0.02795160137552659,7740.586246219314,240.30379941173615,15178.475,63.16369128227234,0.0,0.0,56.79
5,67.0,63.35624713125995,0.9456156288247753,False,True,4020,0,59.819411299072584,67.20226616577092,0.9427695038583398,286.5389229988696,4.2638282806126035,4.426614284515381,4.9524383544921875,5.23498797416687,0.5996108055114746,1.0972657203674316,0.02940225585371216,7939.849371977546,240.4500514834267,15501.479,64.46860337257385,0.0,0.0,56.79
5,74.0,63.80207357127208,0.8621901833955686,False,True,4440,0,59.64413192574953,74.44152268872516,0.8570764173921913,530.5842044347241,7.127530244825123,7.333864450454712,10.214010953903198,10.431490898132324,3.470515727996826,6.556186676025391,0.029821649402582136,8006.050771393664,241.48414171156958,17050.102,70.60547280311584,0.0,0.0,56.79
6,1.0,1.0438214143341362,1.0438214143341362,False,False,100,0,94.71519324480181,1.055796821757403,0.9886574697172006,1.1662797130357658,1.1046440839767455,1.1177105903625488,1.1830990314483643,1.2773747444152832,0.030162572860717773,0.1447758674621582,0.00842914747374635,131.85099316909594,169.71308430038522,16429.287,96.80624842643738,0.0,0.0,56.79
6,3.0,3.1065621471696483,1.035520715723216,False,False,180,0,56.816277614217604,3.1681061758779694,0.9805738743300592,3.7441313851693683,1.1818200455771553,1.1900842189788818,1.2288784980773926,1.3114426136016846,0.029638290405273438,0.04289817810058594,0.009093080141695898,388.59016372224704,202.67441988381003,11946.932,58.9464225769043,0.0,0.0,56.79
6,7.0,7.650704076686126,1.092957725240875,False,False,420,0,53.666303437318916,7.826139925783242,0.9775833487823107,9.927436126947764,1.2684971417699542,1.2717251777648926,1.3411858081817627,1.3654189109802246,0.0307924747467041,0.03760385513305664,0.009782945980062022,956.4540808504116,208.732137603091,11669.265,55.90545439720154,0.0,0.0,56.79
6,13.0,13.600934520669405,1.046225732359185,False,False,780,0,55.98225869889445,13.932985523061856,0.9761679934395366,19.7261102301987,1.4157848795255026,1.4292123317718506,1.4849388599395752,1.494539737701416,0.03421831130981445,0.04117107391357422,0.010907140988807107,1705.2330844703997,211.7833002073248,12358.754,58.355658769607544,0.0,0.0,56.79
6,20.0,20.53310543162081,1.0266552715810406,False,False,1200,0,57.013504321244426,21.047645014741793,0.9755535793785671,33.66804877227876,1.5996112034718195,1.613020658493042,1.7067413330078125,1.737961769104004,0.03824353218078613,0.04547572135925293,0.012319992072772403,2577.144064290933,211.80533552814038,12591.563,59.448752641677856,0.0,0.0,56.79
6,27.0,26.75478429755712,0.9909179369465599,False,False,1620,0,58.99421864215693,27.460317930922766,0.9743071571443405,47.979927460368344,1.7472458833529625,1.7542166709899902,1.8462185859680176,1.8618264198303223,0.04155397415161133,0.04923510551452637,0.013464563800549422,3358.5955873800026,214.09801299718097,13179.482,61.558170557022095,0.0,0.0,56.79
6,34.0,33.89505443452041,0.9969133657211886,False,False,2040,0,58.41156953216065,34.92458799410967,0.9705212396560583,66.71811087059504,1.9103478294961593,1.936920166015625,2.015049934387207,2.0459322929382324,0.04538416862487793,0.05368638038635254,0.014735981624711743,4251.599998580326,218.82075098483355,13391.165,61.19696116447449,0.0,0.0,56.79
6,40.0,39.43868482804215,0.9859671207010537,False,False,2400,0,59.07415504185017,40.62690356383019,0.9707529092410109,80.75282406383114,1.9876686870058378,1.9937117099761963,2.093473434448242,2.105849504470825,0.048006534576416016,0.05652117729187012,0.015354903456544184,4936.87585183096,223.532111161904,13828.822,61.86503553390503,0.0,0.0,56.79
6,47.0,46.07240744138454,0.9802639881145647,False,False,2820,0,59.20562789527849,47.63060709343289,0.9672857486575436,101.51235920849793,2.1312421865497075,2.1300086975097656,2.3922064304351807,2.4111251831054688,0.052002906799316406,0.06297063827514648,0.016474036566081818,5764.086109942352,229.9107453244933,14305.069,62.22009754180908,0.0,0.0,56.79
6,54.0,52.671771100398864,0.9754031685259049,False,False,3240,0,59.28183498896735,54.65417864684824,0.9637281614044767,134.26763282192928,2.456676436206441,2.507235527038574,2.730910062789917,2.8463454246520996,0.060834646224975586,0.07519674301147461,0.018972095122980186,6590.599698107792,237.77947200185403,14867.333,62.525721311569214,0.0,0.0,56.79
6,57.0,55.49952652811243,0.9736759040019725,False,False,3420,0,59.2644180012697,57.707476346544546,0.9617389295422841,148.3088877930672,2.5700116723601583,2.6148526668548584,2.8008370399475098,2.8629815578460693,0.0640101432800293,0.07659292221069336,0.01985271428483054,6944.084537777139,240.50977734676715,15064.062,62.633886098861694,0.0,0.0,56.79
6,61.0,59.32746832654443,0.9725814479761381,False,False,3660,0,59.00641578433451,62.02715334171654,0.9564757550568351,172.78429551375734,2.785623492373795,2.809004068374634,3.0573363304138184,3.2546610832214355,0.07024097442626953,0.08512473106384277,0.021500638160339654,7427.178199971416,241.28959897021295,15130.09,62.70510649681091,0.0,0.0,56.79
6,64.0,61.85697463232347,0.9665152286300542,False,False,3840,0,59.3035652724422,64.75158757081358,0.9552966491311968,235.59440473601313,3.6384344164282085,3.7407379150390625,3.9479615688323975,4.01927638053894,0.09388279914855957,0.18325042724609375,0.028000758498383585,7747.021345400241,240.47411023525294,15171.711,63.09082913398743,0.0,0.0,56.79
6,67.0,63.358498816468455,0.9456492360666934,False,True,4020,0,59.16031367096393,67.95095817710359,0.93241509047355,295.5276992511458,4.349132185610966,4.405205011367798,5.156255722045898,5.250216484069824,0.5927696228027344,1.32075834274292,0.02958092442488787,7935.64547580174,240.62181330894558,15511.249,64.4631872177124,0.0,0.0,56.79
6,74.0,63.76662188095661,0.8617111064994137,False,True,4440,0,59.39688182099849,74.75139879195365,0.8530492126097919,550.6995711674484,7.367080483672855,7.369779348373413,10.894896984100342,11.191931009292603,3.493894577026367,7.310629606246948,0.029787408062147098,7997.759577026922,241.28536010498186,17044.979,70.64240860939026,0.0,0.0,56.79
