job,policy,offered_rps,engine_itl_ms,client_itl_ms
stage2het-12319685,round_robin,200,8.81289,8.81406
stage2het-12319685,least_loaded,200,6.3901,6.39102
stage2het-12319685,slo_packing,200,6.16197,6.19682
stage2het-12319685,energy_greedy,200,6.2038,6.23584
stage2het-12319685,energy_consolidate,200,6.20629,6.24578
stage2het-12319685,round_robin,300,9.82527,9.82604
stage2het-12319685,least_loaded,300,6.96589,6.96679
stage2het-12319685,slo_packing,300,6.38817,6.44886
stage2het-12319685,energy_greedy,300,6.4349,6.51282
stage2het-12319685,energy_consolidate,300,6.41304,6.47709
stage2het-12319685,round_robin,400,11.2945,11.2952
stage2het-12319685,least_loaded,400,7.5081,7.5091
stage2het-12319685,slo_packing,400,6.44359,6.52958
stage2het-12319685,energy_greedy,400,6.47379,6.56617
stage2het-12319685,energy_consolidate,400,6.47349,6.53537
stage2het-12319685,round_robin,500,15.0606,15.0477
stage2het-12319685,least_loaded,500,8.36954,8.37258
stage2het-12319685,slo_packing,500,6.38398,6.5186
stage2het-12319685,energy_greedy,500,6.42678,6.54743
stage2het-12319685,energy_consolidate,500,6.40344,6.50409
stage2het-12319685,round_robin,600,17.2473,17.2268
stage2het-12319685,least_loaded,600,8.89721,8.89896
stage2het-12319685,slo_packing,600,7.30188,7.42474
stage2het-12319685,energy_greedy,600,7.32897,7.45726
stage2het-12319685,energy_consolidate,600,7.35621,7.51547
stage2het-12321476,round_robin,200,8.79284,8.79524
stage2het-12321476,least_loaded,200,6.39378,6.39471
stage2het-12321476,slo_packing,200,6.23029,6.28803
stage2het-12321476,energy_greedy,200,6.28942,6.30848
stage2het-12321476,energy_consolidate,200,6.19745,6.25348
stage2het-12321476,round_robin,300,9.83137,9.83225
stage2het-12321476,least_loaded,300,6.94685,6.94783
stage2het-12321476,slo_packing,300,6.43234,6.51698
stage2het-12321476,energy_greedy,300,6.44295,6.50488
stage2het-12321476,energy_consolidate,300,6.44421,6.50966
stage2het-12321476,round_robin,400,11.2915,11.2921
stage2het-12321476,least_loaded,400,7.47031,7.47159
stage2het-12321476,slo_packing,400,6.44913,6.54176
stage2het-12321476,energy_greedy,400,6.48534,6.56063
stage2het-12321476,energy_consolidate,400,6.47613,6.54327
stage2het-12321476,round_robin,500,14.7276,14.7163
stage2het-12321476,least_loaded,500,8.28469,8.28661
stage2het-12321476,slo_packing,500,6.39581,6.54381
stage2het-12321476,energy_greedy,500,6.42244,6.54734
stage2het-12321476,energy_consolidate,500,6.4201,6.54744
stage2het-12321476,round_robin,600,17.3432,17.3229
stage2het-12321476,least_loaded,600,8.88171,8.88423
stage2het-12321476,slo_packing,600,7.24368,7.40172
stage2het-12321476,energy_greedy,600,7.2285,7.39652
stage2het-12321476,energy_consolidate,600,7.23642,7.38583
