offered_rps,arm,run,metrics_polls,p50_ttft_ms,p50_e2el_ms,note
10,A,r10-1-A,4,56.2964,1930.04,first-at-rate (excluded)
10,B,r10-2-B,2060,39.2309,1579.36,
10,C,r10-3-C,4,38.6024,1576.69,
10,C,r10-4-C,4,38.5137,1576.45,
10,B,r10-5-B,2065,39.5861,1577.45,
10,A,r10-6-A,4,37.3727,1575.67,
20,A,r20-1-A,4,61.8591,2502.22,first-at-rate (excluded)
20,B,r20-2-B,2096,54.4137,2248.59,
20,C,r20-3-C,4,54.1397,2249.18,
20,C,r20-4-C,4,53.8239,2245.83,
20,B,r20-5-B,2086,54.7993,2243.45,
20,A,r20-6-A,4,51.6298,2241.29,
