policy,offered_rps,gpu_type,n_trials,energy_kj_mean
round_robin,300,NVIDIA_A100-PCIE-40GB,3,65.4496
round_robin,300,Quadro_RTX_6000,3,49.2755
least_loaded,300,NVIDIA_A100-PCIE-40GB,3,67.3207
least_loaded,300,Quadro_RTX_6000,3,48.9857
slo_packing,300,NVIDIA_A100-PCIE-40GB,3,54.3184
slo_packing,300,Quadro_RTX_6000,3,15.2871
energy_greedy,300,NVIDIA_A100-PCIE-40GB,3,54.2118
energy_greedy,300,Quadro_RTX_6000,3,14.5701
energy_consolidate,300,NVIDIA_A100-PCIE-40GB,3,54.224
energy_consolidate,300,Quadro_RTX_6000,3,14.3115
