gpu_type,job,concurrency,mean_power_w,gen_tok_per_s,j_per_gen_token
NVIDIA_L40S,h1-12304129,1,281.68,183,1.53923
NVIDIA_L40S,h1-12304129,2,248.07,351,0.706752
NVIDIA_L40S,h1-12304129,4,241.51,668.5,0.361272
NVIDIA_L40S,h1-12304129,8,249.27,1329.9,0.187435
NVIDIA_L40S,h1-12304129,16,267.67,2685.5,0.0996723
NVIDIA_L40S,h1-12304129,32,294.8,4826.1,0.0610845
NVIDIA_L40S,h1-12304129,48,300.39,6757.3,0.0444541
NVIDIA_L40S,h1-12304129,64,302.98,8288.3,0.0365551
NVIDIA_L40S,h1-12304129,96,315.95,10910.3,0.0289589
NVIDIA_L40S,h1-12304129,128,314.86,12734.5,0.024725
NVIDIA_A30,h1-12304127,1,157.57,185.6,0.848976
NVIDIA_A30,h1-12304127,2,156.96,364.8,0.430263
NVIDIA_A30,h1-12304127,4,158.95,719.5,0.220917
NVIDIA_A30,h1-12304127,8,160.82,1430.3,0.112438
NVIDIA_A30,h1-12304127,16,164.15,2733.7,0.0600468
NVIDIA_A30,h1-12304127,32,164.06,4889.4,0.0335542
NVIDIA_A30,h1-12304127,48,163.76,7055.2,0.0232112
NVIDIA_A30,h1-12304127,64,163.58,8654.9,0.0189003
NVIDIA_A30,h1-12304127,96,163.74,10315.6,0.015873
NVIDIA_A30,h1-12304127,128,163.67,12157.5,0.0134625
NVIDIA_L4,h1-12304128,1,71.92,74.9,0.960214
NVIDIA_L4,h1-12304128,2,71.94,147.3,0.488391
NVIDIA_L4,h1-12304128,4,71.87,293.3,0.245039
NVIDIA_L4,h1-12304128,8,71.97,578.3,0.124451
NVIDIA_L4,h1-12304128,16,71.99,1130.7,0.0636685
NVIDIA_L4,h1-12304128,32,71.88,2040.4,0.0352284
NVIDIA_L4,h1-12304128,48,71.91,2925.1,0.0245838
NVIDIA_L4,h1-12304128,64,71.89,3679.9,0.0195359
NVIDIA_L4,h1-12304128,96,71.95,4938.8,0.0145683
NVIDIA_L4,h1-12304128,128,71.97,5778.5,0.0124548
Quadro_RTX_8000,h1-12304126,1,212.78,130.6,1.62925
Quadro_RTX_8000,h1-12304126,2,198.41,225.4,0.880257
Quadro_RTX_8000,h1-12304126,4,198.76,437.7,0.454101
Quadro_RTX_8000,h1-12304126,8,201.96,837.1,0.241261
Quadro_RTX_8000,h1-12304126,16,206.56,1545.7,0.133635
Quadro_RTX_8000,h1-12304126,32,209.26,2692.5,0.0777196
Quadro_RTX_8000,h1-12304126,48,208.55,3572.5,0.0583765
Quadro_RTX_8000,h1-12304126,64,211.4,4417.2,0.0478584
Quadro_RTX_8000,h1-12304126,96,217.78,5833.9,0.0373301
Quadro_RTX_8000,h1-12304126,128,221.71,6975.6,0.0317836
Quadro_RTX_6000,h1-12304133,1,223.25,130.6,1.70942
Quadro_RTX_6000,h1-12304133,2,208.31,224.6,0.927471
Quadro_RTX_6000,h1-12304133,4,209.94,436.2,0.481293
Quadro_RTX_6000,h1-12304133,8,212.79,839.3,0.253533
Quadro_RTX_6000,h1-12304133,16,215.77,1541.2,0.140001
Quadro_RTX_6000,h1-12304133,32,218.18,2691.1,0.0810747
Quadro_RTX_6000,h1-12304133,48,218.63,3557.4,0.0614578
Quadro_RTX_6000,h1-12304133,64,220.94,4408.4,0.050118
Quadro_RTX_6000,h1-12304133,96,229.71,5644.9,0.0406934
Quadro_RTX_6000,h1-12304133,128,232.73,6666.3,0.0349114
Quadro_RTX_6000,h1-12304133,160,245.84,7147.6,0.0343948
Quadro_RTX_6000,h1-12304133,192,243.9,7763.8,0.031415
Quadro_RTX_6000,h1-12304133,256,242.96,8615.2,0.0282013
NVIDIA_A100-PCIE-40GB,h1-12304125,1,232.03,229.5,1.01102
NVIDIA_A100-PCIE-40GB,h1-12304125,2,219.24,472.4,0.464098
NVIDIA_A100-PCIE-40GB,h1-12304125,4,223.87,955.4,0.234321
NVIDIA_A100-PCIE-40GB,h1-12304125,8,234.41,1888.8,0.124105
NVIDIA_A100-PCIE-40GB,h1-12304125,16,243.99,3620.3,0.067395
NVIDIA_A100-PCIE-40GB,h1-12304125,32,247.24,6594.1,0.0374941
NVIDIA_A100-PCIE-40GB,h1-12304125,48,246.68,9594.7,0.02571
NVIDIA_A100-PCIE-40GB,h1-12304125,64,247.22,11854.8,0.020854
NVIDIA_A100-PCIE-40GB,h1-12304125,96,247.76,15538,0.0159454
NVIDIA_A100-PCIE-40GB,h1-12304125,128,247.46,18650.6,0.0132682
