policy,offered_rps,n_trials,gp_per_j_mean,gp_per_j_min,gp_per_j_max,slo_pct_mean
round_robin,100,1,0.0700614,0.0700614,0.0700614,100
round_robin,150,1,0.104186,0.104186,0.104186,100
round_robin,200,1,0.138162,0.138162,0.138162,100
round_robin,250,1,0.168242,0.168242,0.168242,100
round_robin,300,1,0.0400773,0.0400773,0.0400773,20.6833
least_loaded,100,1,0.0698135,0.0698135,0.0698135,100
least_loaded,150,1,0.103389,0.103389,0.103389,100
least_loaded,200,1,0.136747,0.136747,0.136747,100
least_loaded,250,1,0.166429,0.166429,0.166429,100
least_loaded,300,1,0.0233306,0.0233306,0.0233306,12.1111
slo_packing,100,1,0.0732864,0.0732864,0.0732864,63.1833
slo_packing,150,1,0.0721514,0.0721514,0.0721514,51.1889
slo_packing,200,1,0.0665146,0.0665146,0.0665146,41.7167
slo_packing,250,1,0.0526827,0.0526827,0.0526827,30.32
slo_packing,300,1,0.0262542,0.0262542,0.0262542,13.5389
energy_greedy,100,1,0.0936593,0.0936593,0.0936593,80.5
energy_greedy,150,1,0.0750843,0.0750843,0.0750843,53.3444
energy_greedy,200,1,0.0695168,0.0695168,0.0695168,43.5
energy_greedy,250,1,0.0682935,0.0682935,0.0682935,39.1867
energy_greedy,300,1,0.0316593,0.0316593,0.0316593,16.2556
energy_consolidate,100,1,0.0963858,0.0963858,0.0963858,82.4667
energy_consolidate,150,1,0.0875466,0.0875466,0.0875466,62.1556
energy_consolidate,200,1,0.065643,0.065643,0.065643,41.1417
energy_consolidate,250,1,0.0652725,0.0652725,0.0652725,37.1533
energy_consolidate,300,1,0.0355633,0.0355633,0.0355633,18.2333
