fleet,policy,headroom,slo_met_pct_mean,slo_met_pct_worst
homog,slo_packing,0,50.3944,40.5833
homog,slo_packing,0.1,100,100
homog,slo_packing,0.2,100,100
homog,slo_packing,0.3,100,100
homog,energy_greedy,0,65.4111,59.5667
homog,energy_greedy,0.1,100,100
homog,energy_greedy,0.2,100,100
homog,energy_greedy,0.3,100,100
homog,energy_consolidate,0,73.6546,57.7889
homog,energy_consolidate,0.1,100,100
homog,energy_consolidate,0.2,100,100
homog,energy_consolidate,0.3,100,100
het,slo_packing,0,24.8125,14.5167
het,slo_packing,0.1,27.262,19.0056
het,slo_packing,0.2,51.2019,45.3278
het,slo_packing,0.3,94.7035,84.9292
het,energy_greedy,0,23.4,14.0556
het,energy_greedy,0.1,27.0345,19.9778
het,energy_greedy,0.2,52.819,48.15
het,energy_greedy,0.3,93.0829,89.4958
het,energy_consolidate,0,23.938,14.4944
het,energy_consolidate,0.1,26.5944,16.9167
het,energy_consolidate,0.2,49.6627,38.5556
het,energy_consolidate,0.3,93.2743,83.7722
